RecordNo,Label
1,Appointment
2,Bus
3,Payment
4,PickUp
5,Reservation
6,Payment
7,Cab
8,Payment
9,Delivery
10,PickUp
11,Bus
12,Flight
13,Appointment
14,Train
15,Bus
16,Bus
17,Movie
18,Hotel
19,Bus
20,Cab
21,Delivery
22,Hotel
23,Delivery
24,Bus
25,Payment
26,Train
27,Expiry
28,Payment
29,Appointment
30,Bus
31,Hotel
32,Flight
33,Payment
34,Movie
35,Delivery
36,Payment
37,Movie
38,Appointment
39,Expiry
40,Reservation
41,Flight
42,Flight
43,Flight
44,Movie
45,Appointment
46,Flight
47,Reservation
48,Appointment
49,PickUp
50,Train
51,Expiry
52,Reservation
53,PickUp
54,PickUp
55,Delivery
56,Bus
57,Train
58,Flight
59,Train
60,Bus
61,Movie
62,Delivery
63,Train
64,PickUp
65,Expiry
66,Expiry
67,Movie
68,Train
69,PickUp
70,Reservation
71,PickUp
72,Movie
73,Hotel
74,Hotel
75,Reservation
76,Train
77,Hotel
78,Bus
79,Movie
80,Train
81,Delivery
82,Bus
83,Expiry
84,Movie
85,Hotel
86,Payment
87,Cab
88,Train
89,Bus
90,Appointment
91,Appointment
92,Appointment
93,PickUp
94,PickUp
95,Cab
96,Payment
97,Expiry
98,Hotel
99,Movie
100,Train
101,Movie
102,Delivery
103,Train
104,Appointment
105,Cab
106,Expiry
107,Reservation
108,Train
109,Reservation
110,Appointment
111,Hotel
112,Reservation
113,Hotel
114,Train
115,Movie
116,Payment
117,PickUp
118,Hotel
119,Flight
120,Train
121,Cab
122,Delivery
123,Movie
124,Cab
125,Payment
126,Expiry
127,Hotel
128,PickUp
129,Flight
130,Train
131,Reservation
132,Train
133,Movie
134,PickUp
135,Appointment
136,Delivery
137,Cab
138,Train
139,PickUp
140,Expiry
141,Hotel
142,Movie
143,Bus
144,Cab
145,Flight
146,Flight
147,Hotel
148,Bus
149,PickUp
150,Appointment
151,Cab
152,PickUp
153,Appointment
154,Movie
155,Cab
156,Payment
157,Bus
158,Bus
159,Delivery
160,Hotel
161,Hotel
162,Hotel
163,Flight
164,Payment
165,Train
166,Cab
167,Appointment
168,Cab
169,Train
170,Payment
171,Bus
172,Reservation
173,PickUp
174,Payment
175,Cab
176,Payment
177,Bus
178,Reservation
179,Appointment
180,Movie
181,Train
182,Flight
183,PickUp
184,Cab
185,Bus
186,Payment
187,Train
188,Reservation
189,Hotel
190,Bus
191,Delivery
192,PickUp
193,Delivery
194,Reservation
195,Reservation
196,Hotel
197,Appointment
198,PickUp
199,Reservation
200,Bus
201,Payment
202,Bus
203,Cab
204,Hotel
205,Appointment
206,PickUp
207,Bus
208,Reservation
209,Payment
210,Bus
211,Train
212,Reservation
213,Movie
214,Flight
215,Hotel
216,Reservation
217,Appointment
218,Bus
219,Payment
220,Flight
221,PickUp
222,PickUp
223,Bus
224,Appointment
225,Reservation
226,Hotel
227,Appointment
228,Payment
229,Bus
230,Hotel
231,Movie
232,Appointment
233,Expiry
234,Payment
235,Payment
236,Appointment
237,Hotel
238,Delivery
239,PickUp
240,Hotel
241,Hotel
242,Hotel
243,PickUp
244,Train
245,Appointment
246,Payment
247,Expiry
248,Bus
249,Train
250,Flight
251,Flight
252,Delivery
253,Appointment
254,PickUp
255,Payment
256,PickUp
257,Movie
258,Cab
259,Cab
260,Flight
261,Delivery
262,Payment
263,Cab
264,Reservation
265,Expiry
266,Appointment
267,Appointment
268,Reservation
269,PickUp
270,Movie
271,Train
272,Delivery
273,PickUp
274,PickUp
275,Movie
276,Delivery
277,Reservation
278,Movie
279,PickUp
280,Expiry
281,Cab
282,Movie
283,Train
284,Bus
285,Delivery
286,Train
287,Train
288,Expiry
289,Train
290,Bus
291,Delivery
292,Expiry
293,Movie
294,PickUp
295,Bus
296,Appointment
297,Train
298,Movie
299,Delivery
300,Payment
301,Delivery
302,Bus
303,PickUp
304,Movie
305,Payment
306,Payment
307,Appointment
308,Movie
309,Flight
310,Cab
311,Cab
312,PickUp
313,Expiry
314,Reservation
315,Flight
316,Appointment
317,Movie
318,PickUp
319,Hotel
320,Expiry
321,Bus
322,Reservation
323,Appointment
324,Payment
325,Train
326,PickUp
327,Appointment
328,Reservation
329,Cab
330,Reservation
331,Hotel
332,Expiry
333,Appointment
334,Reservation
335,Reservation
336,Appointment
337,Appointment
338,Expiry
339,Hotel
340,PickUp
341,Cab
342,Cab
343,Train
344,PickUp
345,Bus
346,Bus
347,Train
348,Payment
349,Delivery
350,Payment
351,PickUp
352,Payment
353,Cab
354,Train
355,Delivery
356,Train
357,Payment
358,Delivery
359,Appointment
360,Cab
361,Bus
362,Appointment
363,Bus
364,PickUp
365,Appointment
366,Appointment
367,Payment
368,Payment
369,Movie
370,Delivery
371,Hotel
372,Reservation
373,Bus
374,PickUp
375,Flight
376,Hotel
377,Expiry
378,Reservation
379,Hotel
380,Movie
381,Expiry
382,Delivery
383,Expiry
384,Payment
385,PickUp
386,Bus
387,Reservation
388,Payment
389,Flight
390,Movie
391,Train
392,Hotel
393,Cab
394,Reservation
395,Hotel
396,Appointment
397,Expiry
398,Cab
399,Cab
400,Reservation
401,Movie
402,Payment
403,Movie
404,Cab
405,Appointment
406,Hotel
407,Delivery
408,PickUp
409,Cab
410,Hotel
411,Payment
412,Hotel
413,Hotel
414,Expiry
415,Delivery
416,Expiry
417,Hotel
418,PickUp
419,Delivery
420,Bus
421,Flight
422,Payment
423,Flight
424,Train
425,PickUp
426,PickUp
427,Bus
428,Reservation
429,Payment
430,Payment
431,Flight
432,Train
433,Payment
434,Expiry
435,Hotel
436,Reservation
437,Hotel
438,Train
439,Delivery
440,Hotel
441,Reservation
442,Train
443,Flight
444,Expiry
445,Appointment
446,Appointment
447,Appointment
448,Cab
449,Appointment
450,Flight
451,PickUp
452,Reservation
453,Reservation
454,PickUp
455,PickUp
456,Payment
457,Train
458,PickUp
459,Delivery
460,Appointment
461,Cab
462,Delivery
463,Bus
464,Bus
465,Reservation
466,Movie
467,Movie
468,PickUp
469,Bus
470,PickUp
471,Payment
472,Movie
473,Train
474,Cab
475,Expiry
476,Expiry
477,Expiry
478,Train
479,Bus
480,Hotel
481,Expiry
482,PickUp
483,Hotel
484,Hotel
485,Expiry
486,Delivery
487,Flight
488,Payment
489,Train
490,Flight
491,Flight
492,Cab
493,Flight
494,Flight
495,Expiry
496,Appointment
497,Expiry
498,Flight
499,Delivery
500,Reservation
501,Delivery
502,PickUp
503,Expiry
504,Delivery
505,Hotel
506,Train
507,Hotel
508,Delivery
509,Bus
510,Payment
511,Delivery
512,Flight
513,Cab
514,Cab
515,PickUp
516,Appointment
517,Bus
518,Reservation
519,PickUp
520,Reservation
521,PickUp
522,Flight
523,Train
524,Cab
525,Delivery
526,Appointment
527,Payment
528,Bus
529,Movie
530,Expiry
531,Hotel
532,Appointment
533,Bus
534,Delivery
535,Reservation
536,Delivery
537,Expiry
538,Bus
539,Cab
540,Appointment
541,Train
542,Expiry
543,Movie
544,Payment
545,Train
546,Flight
547,PickUp
548,Delivery
549,Expiry
550,PickUp
551,Delivery
552,Payment
553,Expiry
554,Cab
555,Delivery
556,Train
557,Expiry
558,Hotel
559,Movie
560,PickUp
561,Payment
562,Train
563,Expiry
564,Payment
565,Cab
566,PickUp
567,Cab
568,Flight
569,Delivery
570,Expiry
571,Cab
572,Delivery
573,PickUp
574,Cab
575,Cab
576,Movie
577,Payment
578,Hotel
579,Delivery
580,Reservation
581,Bus
582,Delivery
583,Delivery
584,Bus
585,Bus
586,Cab
587,Appointment
588,Reservation
589,PickUp
590,Cab
591,Delivery
592,PickUp
593,Expiry
594,PickUp
595,Cab
596,Bus
597,Movie
598,Bus
599,Movie
600,Train
601,Cab
602,Flight
603,Delivery
604,PickUp
605,Movie
606,Payment
607,Movie
608,Reservation
609,PickUp
610,Bus
611,Cab
612,Cab
613,Reservation
614,Flight
615,Bus
616,PickUp
617,Reservation
618,Hotel
619,PickUp
620,Expiry
621,Delivery
622,Bus
623,Hotel
624,Cab
625,Movie
626,Cab
627,Hotel
628,Payment
629,Reservation
630,Reservation
631,Flight
632,Cab
633,Delivery
634,PickUp
635,Bus
636,Hotel
637,Train
638,Reservation
639,Movie
640,Bus
641,Appointment
642,Reservation
643,Expiry
644,Train
645,Flight
646,Appointment
647,Expiry
648,Reservation
649,Delivery
650,PickUp
651,Train
652,Movie
653,Expiry
654,Cab
655,Reservation
656,Bus
657,Hotel
658,Bus
659,Payment
660,Flight
661,Bus
662,PickUp
663,Train
664,Cab
665,Hotel
666,Movie
667,Delivery
668,Appointment
669,Reservation
670,PickUp
671,Reservation
672,Movie
673,Bus
674,Payment
675,Payment
676,Bus
677,Payment
678,Movie
679,Movie
680,Hotel
681,Expiry
682,Delivery
683,PickUp
684,Delivery
685,PickUp
686,Cab
687,Delivery
688,Appointment
689,Train
690,Appointment
691,Bus
692,Expiry
693,PickUp
694,Expiry
695,Flight
696,Bus
697,Payment
698,Appointment
699,Payment
700,PickUp
701,Movie
702,Bus
703,Train
704,Reservation
705,Movie
706,Movie
707,Train
708,Bus
709,Reservation
710,PickUp
711,Payment
712,Bus
713,PickUp
714,Bus
715,Expiry
716,Payment
717,Train
718,Flight
719,Reservation
720,Reservation
721,PickUp
722,Appointment
723,Expiry
724,Reservation
725,Train
726,Appointment
727,Expiry
728,Expiry
729,PickUp
730,Train
731,Cab
732,PickUp
733,Appointment
734,Expiry
735,PickUp
736,Hotel
737,Bus
738,Reservation
739,Train
740,Train
741,Appointment
742,Expiry
743,Movie
744,Cab
745,Delivery
746,Cab
747,Train
748,Flight
749,Cab
750,Bus
751,Flight
752,Train
753,PickUp
754,Movie
755,Expiry
756,Bus
757,Train
758,PickUp
759,PickUp
760,Movie
761,Movie
762,Payment
763,Bus
764,Payment
765,Appointment
766,Payment
767,PickUp
768,Cab
769,Flight
770,Flight
771,PickUp
772,Movie
773,Reservation
774,Train
775,Cab
776,Hotel
777,Bus
778,Hotel
779,Cab
780,Movie
781,PickUp
782,Movie
783,Cab
784,Payment
785,Cab
786,Appointment
787,Bus
788,Movie
789,Movie
790,Expiry
791,Cab
792,Delivery
793,Appointment
794,Payment
795,Delivery
796,Cab
797,Expiry
798,Expiry
799,Reservation
800,Payment
801,Bus
802,Train
803,Cab
804,Delivery
805,Delivery
806,Bus
807,Movie
808,Cab
809,Movie
810,Appointment
811,PickUp
812,Delivery
813,Expiry
814,Payment
815,Bus
816,Bus
817,Bus
818,Reservation
819,Hotel
820,Movie
821,Appointment
822,Expiry
823,Train
824,Appointment
825,Bus
826,Appointment
827,Movie
828,Movie
829,Movie
830,Appointment
831,Expiry
832,PickUp
833,Expiry
834,Payment
835,Bus
836,PickUp
837,Delivery
838,Bus
839,Payment
840,Movie
841,Payment
842,Flight
843,Payment
844,Hotel
845,Movie
846,Reservation
847,Delivery
848,Expiry
849,Reservation
850,Flight
851,Flight
852,Payment
853,Train
854,Delivery
855,Reservation
856,Train
857,Train
858,Flight
859,Expiry
860,Hotel
861,Movie
862,Appointment
863,Bus
864,PickUp
865,Train
866,Bus
867,Delivery
868,Expiry
869,Appointment
870,Bus
871,Reservation
872,Appointment
873,Payment
874,Movie
875,Payment
876,Payment
877,Delivery
878,Bus
879,Payment
880,Expiry
881,Hotel
882,Cab
883,Reservation
884,Flight
885,Train
886,Cab
887,Bus
888,Flight
889,PickUp
890,Appointment
891,Expiry
892,Flight
893,PickUp
894,Flight
895,Payment
896,Flight
897,PickUp
898,PickUp
899,Reservation
900,Reservation
901,Movie
902,Reservation
903,Flight
904,Train
905,Movie
906,Delivery
907,Movie
908,Appointment
909,Movie
910,Movie
911,Reservation
912,Hotel
913,Appointment
914,Hotel
915,Bus
916,Cab
917,Cab
918,Flight
919,Payment
920,Train
921,Appointment
922,Payment
923,Flight
924,Expiry
925,Movie
926,Appointment
927,PickUp
928,Expiry
929,Hotel
930,Flight
931,PickUp
932,Reservation
933,Movie
934,Reservation
935,Movie
936,Payment
937,Train
938,Flight
939,Flight
940,Train
941,Delivery
942,Bus
943,Reservation
944,Bus
945,Payment
946,Bus
947,Bus
948,Payment
949,Movie
950,Hotel
951,Payment
952,Hotel
953,Expiry
954,Bus
955,Flight
956,Expiry
957,Train
958,Train
959,Delivery
960,Bus
961,Hotel
962,Payment
963,Flight
964,Cab
965,Hotel
966,Payment
967,Expiry
968,Movie
969,Expiry
970,Hotel
971,Payment
972,Reservation
973,Train
974,Cab
975,Expiry
976,Reservation
977,Movie
978,Payment
979,PickUp
980,Expiry
981,Movie
982,Cab
983,Appointment
984,PickUp
985,Flight
986,Reservation
987,Flight
988,PickUp
989,Payment
990,Delivery
991,Delivery
992,Delivery
993,Train
994,Reservation
995,PickUp
996,Bus
997,Hotel
998,Train
999,Flight
1000,Expiry
1001,Cab
1002,Flight
1003,PickUp
1004,Train
1005,Bus
1006,Appointment
1007,Appointment
1008,Cab
1009,Expiry
1010,Delivery
1011,Cab
1012,Expiry
1013,Hotel
1014,Cab
1015,Expiry
1016,Bus
1017,Expiry
1018,Bus
1019,Expiry
1020,Appointment
1021,PickUp
1022,Expiry
1023,Payment
1024,Flight
1025,Payment
1026,Cab
1027,Expiry
1028,Hotel
1029,PickUp
1030,PickUp
1031,Delivery
1032,Train
1033,Flight
1034,Bus
1035,Delivery
1036,Payment
1037,Payment
1038,Bus
1039,Cab
1040,PickUp
1041,Hotel
1042,Reservation
1043,Train
1044,Reservation
1045,Train
1046,Movie
1047,Flight
1048,Hotel
1049,Hotel
1050,Flight
1051,Reservation
1052,Delivery
1053,PickUp
1054,Bus
1055,Delivery
1056,Cab
1057,Appointment
1058,Train
1059,Flight
1060,Train
1061,Train
1062,Hotel
1063,Cab
1064,Train
1065,Cab
1066,Train
1067,Expiry
1068,Hotel
1069,Cab
1070,Payment
1071,Delivery
1072,Appointment
1073,Reservation
1074,Flight
1075,Payment
1076,Cab
1077,Reservation
1078,Appointment
1079,PickUp
1080,Cab
1081,Appointment
1082,Bus
1083,Bus
1084,Appointment
1085,Movie
1086,Bus
1087,PickUp
1088,Bus
1089,Bus
1090,Delivery
1091,Payment
1092,Expiry
1093,Hotel
1094,Appointment
1095,Bus
1096,Delivery
1097,Hotel
1098,Flight
1099,Delivery
1100,Flight
1101,Delivery
1102,Delivery
1103,Hotel
1104,Bus
1105,Payment
1106,Bus
1107,Cab
1108,Train
1109,Train
1110,Train
1111,Cab
1112,Expiry
1113,Movie
1114,Appointment
1115,Movie
1116,Flight
1117,Hotel
1118,Hotel
1119,Payment
1120,Cab
1121,Appointment
1122,Movie
1123,Appointment
1124,Delivery
1125,PickUp
1126,Movie
1127,Cab
1128,Flight
1129,Reservation
1130,Train
1131,Payment
1132,Reservation
1133,PickUp
1134,Appointment
1135,Payment
1136,Train
1137,Delivery
1138,Cab
1139,Movie
1140,Flight
1141,Hotel
1142,Movie
1143,Reservation
1144,PickUp
1145,Reservation
1146,Train
1147,Flight
1148,Cab
1149,Train
1150,Payment
1151,Delivery
1152,Movie
1153,PickUp
1154,Appointment
1155,Expiry
1156,Delivery
1157,PickUp
1158,Movie
1159,Bus
1160,Hotel
1161,Appointment
1162,Movie
1163,Hotel
1164,PickUp
1165,PickUp
1166,Movie
1167,Appointment
1168,Train
1169,Bus
1170,Hotel
1171,Movie
1172,Cab
1173,Expiry
1174,Reservation
1175,PickUp
1176,Expiry
1177,Delivery
1178,Cab
1179,Expiry
1180,Hotel
1181,Cab
1182,Hotel
1183,Cab
1184,Train
1185,Bus
1186,Delivery
1187,Hotel
1188,Appointment
1189,Reservation
1190,Hotel
1191,PickUp
1192,Payment
1193,Train
1194,PickUp
1195,Cab
1196,Bus
1197,Cab
1198,Bus
1199,Bus
1200,Expiry
1201,PickUp
1202,Reservation
1203,PickUp
1204,Delivery
1205,Flight
1206,PickUp
1207,PickUp
1208,Expiry
1209,Payment
1210,Flight
1211,Flight
1212,Cab
1213,Payment
1214,Hotel
1215,Train
1216,Cab
1217,Appointment
1218,Payment
1219,Train
1220,Train
1221,Expiry
1222,Expiry
1223,Movie
1224,Train
1225,Appointment
1226,Reservation
1227,Reservation
1228,Reservation
1229,Flight
1230,Movie
1231,Movie
1232,Expiry
1233,Train
1234,Movie
1235,Delivery
1236,PickUp
1237,PickUp
1238,Train
1239,PickUp
1240,Expiry
1241,PickUp
1242,Movie
1243,Appointment
1244,PickUp
1245,Train
1246,PickUp
1247,Expiry
1248,Flight
1249,Movie
1250,Payment
1251,Bus
1252,Cab
1253,PickUp
1254,Movie
1255,Train
1256,Reservation
1257,Hotel
1258,Delivery
1259,Train
1260,Delivery
1261,Payment
1262,Bus
1263,Payment
1264,Delivery
1265,Appointment
1266,Payment
1267,Flight
1268,PickUp
1269,Reservation
1270,Payment
1271,Reservation
1272,Delivery
1273,PickUp
1274,Reservation
1275,Train
1276,Bus
1277,Expiry
1278,PickUp
1279,Appointment
1280,Cab
1281,Expiry
1282,Delivery
1283,Payment
1284,Hotel
1285,Appointment
1286,Expiry
1287,Hotel
1288,Bus
1289,Flight
1290,Train
1291,Flight
1292,Movie
1293,Delivery
1294,Train
1295,Flight
1296,PickUp
1297,Bus
1298,Appointment
1299,Movie
1300,PickUp
1301,Expiry
1302,Payment
1303,Train
1304,PickUp
1305,Train
1306,Hotel
1307,Appointment
1308,Hotel
1309,Flight
1310,Reservation
1311,Movie
1312,Cab
1313,Flight
1314,Bus
1315,Reservation
1316,Payment
1317,Flight
1318,Payment
1319,Train
1320,Train
1321,PickUp
1322,Cab
1323,Appointment
1324,PickUp
1325,Cab
1326,PickUp
1327,Flight
1328,Hotel
1329,Train
1330,Bus
1331,Bus
1332,PickUp
1333,Train
1334,Appointment
1335,Train
1336,Delivery
1337,Cab
1338,Bus
1339,Expiry
1340,Delivery
1341,Payment
1342,Hotel
1343,Cab
1344,Flight
1345,Bus
1346,Payment
1347,Reservation
1348,Flight
1349,Expiry
1350,Hotel
1351,Bus
1352,Reservation
1353,Train
1354,Cab
1355,Cab
1356,Flight
1357,Bus
1358,Cab
1359,Payment
1360,Flight
1361,Appointment
1362,Flight
1363,Flight
1364,Expiry
1365,PickUp
1366,Expiry
1367,Train
1368,Bus
1369,PickUp
1370,Flight
1371,Expiry
1372,Appointment
1373,Cab
1374,Train
1375,Hotel
1376,Delivery
1377,Payment
1378,Bus
1379,Cab
1380,Movie
1381,Bus
1382,Reservation
1383,Delivery
1384,Movie
1385,Expiry
1386,Cab
1387,PickUp
1388,Hotel
1389,Payment
1390,Train
1391,Delivery
1392,Cab
1393,Appointment
1394,Flight
1395,Appointment
1396,PickUp
1397,Bus
1398,Appointment
1399,Train
1400,Appointment
1401,Cab
1402,Hotel
1403,Delivery
1404,Train
1405,Payment
1406,Flight
1407,Cab
1408,Appointment
1409,Bus
1410,Movie
1411,Hotel
1412,PickUp
1413,Expiry
1414,Bus
1415,Delivery
1416,Appointment
1417,Train
1418,Appointment
1419,Delivery
1420,Bus
1421,Hotel
1422,Hotel
1423,Train
1424,Movie
1425,Delivery
1426,Bus
1427,Payment
1428,Appointment
1429,Hotel
1430,Flight
1431,PickUp
1432,Cab
1433,Delivery
1434,Cab
1435,Train
1436,Appointment
1437,Reservation
1438,Appointment
1439,Train
1440,PickUp
1441,Train
1442,Hotel
1443,PickUp
1444,PickUp
1445,Hotel
1446,Payment
1447,Bus
1448,Movie
1449,Reservation
1450,Train
1451,Movie
1452,Cab
1453,Bus
1454,Hotel
1455,Bus
1456,Expiry
1457,Cab
1458,Delivery
1459,Movie
1460,Cab
1461,Delivery
1462,Movie
1463,PickUp
1464,Delivery
1465,Reservation
1466,Flight
1467,Cab
1468,Flight
1469,Movie
1470,Train
1471,Appointment
1472,Expiry
1473,PickUp
1474,Flight
1475,Reservation
1476,Cab
1477,Train
1478,Expiry
1479,Expiry
1480,PickUp
1481,Payment
1482,Appointment
1483,Movie
1484,Bus
1485,Appointment
1486,Movie
1487,Bus
1488,Train
1489,Reservation
1490,Cab
1491,Payment
1492,Cab
1493,Hotel
1494,Hotel
1495,Bus
1496,Flight
1497,Payment
1498,Cab
1499,Bus
1500,Hotel
1501,PickUp
1502,Hotel
1503,Cab
1504,Expiry
1505,Delivery
1506,PickUp
1507,Movie
1508,Bus
1509,Payment
1510,Payment
1511,Flight
1512,Reservation
1513,Payment
1514,Hotel
1515,Hotel
1516,Payment
1517,PickUp
1518,Cab
1519,Movie
1520,Flight
1521,PickUp
1522,Reservation
1523,Expiry
1524,PickUp
1525,PickUp
1526,Payment
1527,Bus
1528,Delivery
1529,Bus
1530,Payment
1531,Delivery
1532,Movie
1533,Bus
1534,Movie
1535,Train
1536,Expiry
1537,Movie
1538,Expiry
1539,Expiry
1540,Appointment
1541,Flight
1542,Flight
1543,Appointment
1544,Bus
1545,Reservation
1546,Flight
1547,Expiry
1548,Flight
1549,Train
1550,Movie
1551,Reservation
1552,Bus
1553,Reservation
1554,Train
1555,Movie
1556,Reservation
1557,Reservation
1558,Hotel
1559,Reservation
1560,Delivery
1561,Reservation
1562,Movie
1563,Bus
1564,Delivery
1565,Appointment
1566,PickUp
1567,Flight
1568,Train
1569,Delivery
1570,Expiry
1571,Appointment
1572,Bus
1573,Bus
1574,Cab
1575,Reservation
1576,Expiry
1577,Delivery
1578,Hotel
1579,Appointment
1580,Cab
1581,Delivery
1582,Bus
1583,PickUp
1584,Hotel
1585,Hotel
1586,Reservation
1587,Hotel
1588,Bus
1589,Train
1590,Bus
1591,Expiry
1592,Bus
1593,Train
1594,Hotel
1595,Bus
1596,Train
1597,Appointment
1598,Bus
1599,Reservation
1600,Cab
1601,Hotel
1602,Hotel
1603,Cab
1604,Expiry
1605,Bus
1606,Movie
1607,Train
1608,PickUp
1609,Payment
1610,Appointment
1611,Bus
1612,Appointment
1613,Reservation
1614,Appointment
1615,Train
1616,Cab
1617,Train
1618,Expiry
1619,Movie
1620,Cab
1621,Train
1622,Flight
1623,Bus
1624,PickUp
1625,Train
1626,Bus
1627,Cab
1628,PickUp
1629,Expiry
1630,Hotel
1631,Bus
1632,Cab
1633,Flight
1634,Hotel
1635,Train
1636,Payment
1637,Movie
1638,Hotel
1639,Flight
1640,Reservation
1641,Flight
1642,Hotel
1643,PickUp
1644,Delivery
1645,Flight
1646,Hotel
1647,Movie
1648,Train
1649,Appointment
1650,Bus
1651,Bus
1652,Reservation
1653,Expiry
1654,Movie
1655,Flight
1656,Expiry
1657,Movie
1658,Movie
1659,Flight
1660,Appointment
1661,Bus
1662,Bus
1663,Payment
1664,Train
1665,Bus
1666,Reservation
1667,Hotel
1668,Train
1669,Movie
1670,Movie
1671,Reservation
1672,Expiry
1673,Cab
1674,Flight
1675,Appointment
1676,Payment
1677,Appointment
1678,PickUp
1679,Train
1680,Delivery
1681,PickUp
1682,Reservation
1683,Train
1684,Train
1685,Cab
1686,Delivery
1687,Train
1688,Reservation
1689,Movie
1690,Cab
1691,Reservation
1692,Flight
1693,Reservation
1694,Cab
1695,Delivery
1696,Flight
1697,Movie
1698,Movie
1699,PickUp
1700,Flight
1701,Payment
1702,Bus
1703,Cab
1704,Reservation
1705,Flight
1706,Appointment
1707,Expiry
1708,Payment
1709,Bus
1710,Payment
1711,Train
1712,Reservation
1713,Cab
1714,Cab
1715,Train
1716,Delivery
1717,Reservation
1718,Reservation
1719,Train
1720,Expiry
1721,Bus
1722,Appointment
1723,PickUp
1724,Flight
1725,PickUp
1726,Hotel
1727,Flight
1728,Delivery
1729,Flight
1730,Expiry
1731,PickUp
1732,Cab
1733,PickUp
1734,Reservation
1735,Delivery
1736,Hotel
1737,Appointment
1738,Train
1739,Movie
1740,Flight
1741,Cab
1742,PickUp
1743,Delivery
1744,Hotel
1745,PickUp
1746,Flight
1747,Bus
1748,Expiry
1749,Payment
1750,Flight
1751,Movie
1752,Train
1753,Train
1754,Bus
1755,PickUp
1756,Expiry
1757,Delivery
1758,Flight
1759,Train
1760,Train
1761,Movie
1762,Delivery
1763,Cab
1764,Train
1765,Flight
1766,Appointment
1767,Appointment
1768,Expiry
1769,PickUp
1770,Flight
1771,Flight
1772,Expiry
1773,Movie
1774,Expiry
1775,Delivery
1776,Payment
1777,Expiry
1778,Expiry
1779,Movie
1780,Cab
1781,Appointment
1782,Payment
1783,Cab
1784,Payment
1785,Movie
1786,PickUp
1787,Flight
1788,Delivery
1789,Reservation
1790,Payment
1791,Train
1792,Reservation
1793,Appointment
1794,Appointment
1795,Reservation
1796,Train
1797,Cab
1798,Reservation
1799,Train
1800,Payment
1801,Payment
1802,Payment
1803,Movie
1804,Hotel
1805,PickUp
1806,Flight
1807,Payment
1808,Hotel
1809,Movie
1810,Appointment
1811,Movie
1812,Appointment
1813,Flight
1814,PickUp
1815,Bus
1816,Delivery
1817,Movie
1818,Delivery
1819,Appointment
1820,Hotel
1821,Hotel
1822,Payment
1823,Expiry
1824,PickUp
1825,Bus
1826,Cab
1827,Cab
1828,Delivery
1829,Train
1830,Train
1831,PickUp
1832,Reservation
1833,Hotel
1834,PickUp
1835,Cab
1836,Bus
1837,Expiry
1838,Cab
1839,Payment
1840,Cab
1841,PickUp
1842,Payment
1843,Train
1844,Flight
1845,Appointment
1846,Flight
1847,Hotel
1848,Flight
1849,Reservation
1850,Flight
1851,Train
1852,Payment
1853,Hotel
1854,Flight
1855,Train
1856,Payment
1857,Reservation
1858,PickUp
1859,Payment
1860,Reservation
1861,Train
1862,Movie
1863,Reservation
1864,Expiry
1865,Expiry
1866,Hotel
1867,Flight
1868,Delivery
1869,Flight
1870,Expiry
1871,Appointment
1872,Movie
1873,Cab
1874,Reservation
1875,Cab
1876,Cab
1877,Delivery
1878,Payment
1879,Bus
1880,Reservation
1881,Reservation
1882,Train
1883,Reservation
1884,Reservation
1885,Hotel
1886,Delivery
1887,Bus
1888,PickUp
1889,Payment
1890,PickUp
1891,Payment
1892,Expiry
1893,Expiry
1894,Reservation
1895,Delivery
1896,Train
1897,Expiry
1898,Movie
1899,Movie
1900,Cab
1901,Payment
1902,Delivery
1903,Flight
1904,Cab
1905,Bus
1906,Appointment
1907,Expiry
1908,Hotel
1909,Delivery
1910,Hotel
1911,Hotel
1912,Flight
1913,Bus
1914,Train
1915,PickUp
1916,Cab
1917,Delivery
1918,Flight
1919,Movie
1920,Bus
1921,Flight
1922,Reservation
1923,Appointment
1924,Bus
1925,Payment
1926,Reservation
1927,Bus
1928,Appointment
1929,Payment
1930,Delivery
1931,Reservation
1932,PickUp
1933,Reservation
1934,Flight
1935,Cab
1936,Movie
1937,Bus
1938,Payment
1939,Bus
1940,Payment
1941,PickUp
1942,Reservation
1943,Payment
1944,Bus
1945,Flight
1946,Cab
1947,Expiry
1948,Bus
1949,Appointment
1950,Flight
1951,Flight
1952,Train
1953,Bus
1954,Bus
1955,Train
1956,Appointment
1957,Reservation
1958,Reservation
1959,Movie
1960,PickUp
1961,Movie
1962,Delivery
1963,Bus
1964,Reservation
1965,Delivery
1966,Flight
1967,Movie
1968,Train
1969,Expiry
1970,PickUp
1971,Bus
1972,Appointment
1973,Reservation
1974,Flight
1975,Bus
1976,Bus
1977,Delivery
1978,Hotel
1979,Movie
1980,Cab
1981,Train
1982,Cab
1983,Reservation
1984,Hotel
1985,Bus
1986,Flight
1987,Movie
1988,Hotel
1989,Flight
1990,Movie
1991,Flight
1992,Delivery
1993,Reservation
1994,Appointment
1995,Expiry
1996,Flight
1997,Flight
1998,Payment
1999,Train
2000,Appointment
2001,Appointment
2002,Train
2003,Movie
2004,Appointment
2005,Train
2006,Movie
2007,Appointment
2008,Flight
2009,Flight
2010,Reservation
2011,PickUp
2012,Payment
2013,Bus
2014,Delivery
2015,Bus
2016,Payment
2017,Cab
2018,PickUp
2019,Train
2020,Delivery
2021,Train
2022,Hotel
2023,Appointment
2024,Movie
2025,Movie
2026,Flight
2027,Cab
2028,Flight
2029,Appointment
2030,Payment
2031,Payment
2032,Payment
2033,Movie
2034,Expiry
2035,Reservation
2036,Reservation
2037,Reservation
2038,Payment
2039,Train
2040,Expiry
2041,Hotel
2042,Cab
2043,Hotel
2044,Bus
2045,Flight
2046,Cab
2047,Appointment
2048,Hotel
2049,Hotel
2050,Train
2051,Appointment
2052,Expiry
2053,PickUp
2054,Expiry
2055,Appointment
2056,Reservation
2057,Flight
2058,PickUp
2059,Bus
2060,Bus
2061,Cab
2062,Movie
2063,Hotel
2064,Hotel
2065,Hotel
2066,Appointment
2067,Delivery
2068,Expiry
2069,Delivery
2070,Expiry
2071,Flight
2072,Bus
2073,Delivery
2074,Movie
2075,Reservation
2076,Bus
2077,Movie
2078,Payment
2079,Reservation
2080,Bus
2081,Reservation
2082,Movie
2083,Expiry
2084,Flight
2085,Train
2086,Payment
2087,Hotel
2088,PickUp
2089,Hotel
2090,Hotel
2091,Bus
2092,Reservation
2093,Expiry
2094,Movie
2095,Cab
2096,Appointment
2097,Appointment
2098,Hotel
2099,Reservation
2100,Appointment
2101,Train
2102,Hotel
2103,Train
2104,Flight
2105,Cab
2106,Flight
2107,Bus
2108,Train
2109,PickUp
2110,Payment
2111,Movie
2112,Appointment
2113,Bus
2114,Reservation
2115,Delivery
2116,Flight
2117,PickUp
2118,Expiry
2119,Delivery
2120,Flight
2121,Delivery
2122,Expiry
2123,Delivery
2124,Hotel
2125,Hotel
2126,PickUp
2127,Delivery
2128,Train
2129,Bus
2130,Bus
2131,PickUp
2132,Hotel
2133,Expiry
2134,Cab
2135,Bus
2136,Train
2137,Appointment
2138,Train
2139,Train
2140,Cab
2141,PickUp
2142,Expiry
2143,Reservation
2144,Cab
2145,Bus
2146,Payment
2147,Hotel
2148,Appointment
2149,Expiry
2150,Expiry
2151,Hotel
2152,Cab
2153,Cab
2154,Train
2155,Delivery
2156,Bus
2157,Bus
2158,Payment
2159,Train
2160,Bus
2161,Bus
2162,Bus
2163,Hotel
2164,Bus
2165,Appointment
2166,Cab
2167,Cab
2168,PickUp
2169,Hotel
2170,Payment
2171,Hotel
2172,Delivery
2173,Cab
2174,Delivery
2175,Delivery
2176,Train
2177,Expiry
2178,PickUp
2179,Expiry
2180,Expiry
2181,Reservation
2182,Reservation
2183,Movie
2184,Train
2185,PickUp
2186,PickUp
2187,Reservation
2188,Appointment
2189,Train
2190,Expiry
2191,Expiry
2192,Hotel
2193,PickUp
2194,Bus
2195,PickUp
2196,Train
2197,Appointment
2198,Appointment
2199,Reservation
2200,Hotel
2201,Flight
2202,Movie
2203,Expiry
2204,Movie
2205,PickUp
2206,Reservation
2207,Flight
2208,Flight
2209,Flight
2210,Reservation
2211,Appointment
2212,PickUp
2213,Appointment
2214,Delivery
2215,PickUp
2216,Bus
2217,Flight
2218,Payment
2219,Hotel
2220,Cab
2221,Expiry
2222,Expiry
2223,Cab
2224,Appointment
2225,Bus
2226,Delivery
2227,Reservation
2228,Hotel
2229,Appointment
2230,Delivery
2231,Hotel
2232,Reservation
2233,Movie
2234,Expiry
2235,Train
2236,Bus
2237,Cab
2238,PickUp
2239,Payment
2240,Train
2241,Movie
2242,Expiry
2243,Appointment
2244,PickUp
2245,Reservation
2246,Reservation
2247,Appointment
2248,Hotel
2249,Reservation
2250,Bus
2251,Expiry
2252,Appointment
2253,Cab
2254,Reservation
2255,Delivery
2256,PickUp
2257,Appointment
2258,Cab
2259,Cab
2260,Payment
2261,PickUp
2262,Bus
2263,Appointment
2264,Hotel
2265,Hotel
2266,PickUp
2267,Appointment
2268,Delivery
2269,Hotel
2270,Reservation
2271,Hotel
2272,Cab
2273,Bus
2274,Cab
2275,Reservation
2276,Bus
2277,Flight
2278,Hotel
2279,Reservation
2280,Movie
2281,Cab
2282,Flight
2283,Flight
2284,Train
2285,Flight
2286,Train
2287,Train
2288,Expiry
2289,Bus
2290,Expiry
2291,Train
2292,Payment
2293,Flight
2294,Payment
2295,Train
2296,Appointment
2297,Expiry
2298,Cab
2299,Hotel
2300,Reservation
2301,Payment
2302,Bus
2303,Hotel
2304,Cab
2305,Bus
2306,Train
2307,Bus
2308,Delivery
2309,Reservation
2310,Hotel
2311,Appointment
2312,Hotel
2313,Bus
2314,Delivery
2315,Train
2316,Reservation
2317,Hotel
2318,Reservation
2319,Movie
2320,Bus
2321,Cab
2322,Flight
2323,Flight
2324,Appointment
2325,Train
2326,Appointment
2327,Flight
2328,Hotel
2329,Bus
2330,Appointment
2331,Payment
2332,Flight
2333,Reservation
2334,Hotel
2335,Train
2336,Hotel
2337,Movie
2338,Delivery
2339,Appointment
2340,Payment
2341,Hotel
2342,Bus
2343,Flight
2344,Payment
2345,Cab
2346,PickUp
2347,Cab
2348,Hotel
2349,Payment
2350,Appointment
2351,Delivery
2352,Cab
2353,Delivery
2354,Payment
2355,Flight
2356,Cab
2357,Payment
2358,Expiry
2359,Train
2360,Hotel
2361,PickUp
2362,Movie
2363,Reservation
2364,Train
2365,Appointment
2366,Payment
2367,Movie
2368,PickUp
2369,Movie
2370,Expiry
2371,Delivery
2372,Train
2373,Cab
2374,Delivery
2375,Train
2376,Delivery
2377,Reservation
2378,Delivery
2379,Bus
2380,PickUp
2381,Reservation
2382,Reservation
2383,Reservation
2384,Train
2385,PickUp
2386,PickUp
2387,Delivery
2388,Cab
2389,Appointment
2390,Movie
2391,Delivery
2392,Expiry
2393,Reservation
2394,Expiry
2395,Train
2396,Cab
2397,Expiry
2398,PickUp
2399,Reservation
2400,Bus
2401,Hotel
2402,Bus
2403,Delivery
2404,Train
2405,Bus
2406,Movie
2407,Movie
2408,Delivery
2409,PickUp
2410,Cab
2411,Cab
2412,Bus
2413,Bus
2414,Hotel
2415,Cab
2416,Bus
2417,Train
2418,Appointment
2419,Delivery
2420,Cab
2421,Expiry
2422,Appointment
2423,Train
2424,Movie
2425,Movie
2426,Reservation
2427,Reservation
2428,Expiry
2429,Train
2430,Reservation
2431,Flight
2432,Train
2433,Cab
2434,Flight
2435,Cab
2436,Appointment
2437,Bus
2438,Expiry
2439,Train
2440,Delivery
2441,Cab
2442,Expiry
2443,Movie
2444,Expiry
2445,Bus
2446,Train
2447,Payment
2448,Cab
2449,Movie
2450,Movie
2451,Appointment
2452,PickUp
2453,Appointment
2454,Payment
2455,Delivery
2456,PickUp
2457,Expiry
2458,Bus
2459,PickUp
2460,Movie
2461,Reservation
2462,Bus
2463,Appointment
2464,Train
2465,Flight
2466,Cab
2467,Delivery
2468,Hotel
2469,Payment
2470,Reservation
2471,Delivery
2472,Movie
2473,Delivery
2474,Cab
2475,Bus
2476,Cab
2477,Cab
2478,Flight
2479,Reservation
2480,Hotel
2481,Expiry
2482,Bus
2483,Cab
2484,Train
2485,PickUp
2486,Hotel
2487,Movie
2488,Movie
2489,Movie
2490,Movie
2491,Expiry
2492,Appointment
2493,PickUp
2494,Expiry
2495,PickUp
2496,Delivery
2497,Cab
2498,Train
2499,Delivery
2500,Expiry
2501,Hotel
2502,Reservation
2503,Bus
2504,Flight
2505,Bus
2506,Cab
2507,Reservation
2508,Appointment
2509,Train
2510,Expiry
2511,Cab
2512,Expiry
2513,PickUp
2514,Cab
2515,Movie
2516,PickUp
2517,PickUp
2518,Flight
2519,Reservation
2520,PickUp
2521,Train
2522,Appointment
2523,Cab
2524,Delivery
2525,Bus
2526,Bus
2527,Bus
2528,Payment
2529,Train
2530,Expiry
2531,Flight
2532,Flight
2533,Movie
2534,Cab
2535,PickUp
2536,Cab
2537,PickUp
2538,Bus
2539,Movie
2540,Cab
2541,Reservation
2542,Delivery
2543,Train
2544,Reservation
2545,Train
2546,Flight
2547,Cab
2548,Payment
2549,Reservation
2550,Hotel
2551,Expiry
2552,Train
2553,Cab
2554,Cab
2555,Cab
2556,Movie
2557,Expiry
2558,Payment
2559,Bus
2560,Hotel
2561,Reservation
2562,Cab
2563,Flight
2564,Movie
2565,Expiry
2566,Bus
2567,Cab
2568,Hotel
2569,Hotel
2570,Flight
2571,Flight
2572,Hotel
2573,Appointment
2574,Delivery
2575,Reservation
2576,Train
2577,Movie
2578,Movie
2579,Payment
2580,Hotel
2581,Payment
2582,Hotel
2583,Reservation
2584,Bus
2585,Cab
2586,Expiry
2587,Bus
2588,Cab
2589,Flight
2590,Hotel
2591,Cab
2592,Expiry
2593,Movie
2594,Flight
2595,Reservation
2596,Hotel
2597,Cab
2598,Cab
2599,Expiry
2600,Hotel
2601,Reservation
2602,Bus
2603,Train
2604,Movie
2605,Movie
2606,Bus
2607,Cab
2608,Appointment
2609,Delivery
2610,Expiry
2611,PickUp
2612,Hotel
2613,Flight
2614,Cab
2615,Hotel
2616,Cab
2617,Bus
2618,Reservation
2619,Bus
2620,Hotel
2621,Movie
2622,Cab
2623,Payment
2624,Flight
2625,PickUp
2626,PickUp
2627,Delivery
2628,Bus
2629,Payment
2630,Reservation
2631,Flight
2632,Train
2633,Flight
2634,Train
2635,PickUp
2636,Train
2637,Hotel
2638,Delivery
2639,Train
2640,Delivery
2641,Payment
2642,Reservation
2643,Movie
2644,Flight
2645,Cab
2646,Delivery
2647,Cab
2648,Cab
2649,Movie
2650,Bus
2651,Bus
2652,Expiry
2653,PickUp
2654,Payment
2655,Reservation
2656,Reservation
2657,Payment
2658,Train
2659,Movie
2660,Hotel
2661,Train
2662,Payment
2663,Train
2664,Cab
2665,Payment
2666,Expiry
2667,Reservation
2668,Flight
2669,Delivery
2670,Bus
2671,Movie
2672,Payment
2673,Train
2674,Delivery
2675,Appointment
2676,Cab
2677,Flight
2678,Cab
2679,Movie
2680,Appointment
2681,Appointment
2682,Hotel
2683,Bus
2684,Cab
2685,Cab
2686,Hotel
2687,Reservation
2688,Bus
2689,PickUp
2690,PickUp
2691,Train
2692,Flight
2693,Payment
2694,Reservation
2695,Cab
2696,Payment
2697,Cab
2698,Delivery
2699,Hotel
2700,Movie
2701,Expiry
2702,Bus
2703,Reservation
2704,Train
2705,Hotel
2706,Appointment
2707,Hotel
2708,Movie
2709,Delivery
2710,Bus
2711,Delivery
2712,PickUp
2713,Expiry
2714,Hotel
2715,Reservation
2716,Appointment
2717,Cab
2718,Appointment
2719,Flight
2720,Train
2721,Flight
2722,Flight
2723,Train
2724,Cab
2725,Bus
2726,Bus
2727,Expiry
2728,Flight
2729,Expiry
2730,Delivery
2731,Bus
2732,Cab
2733,Cab
2734,Reservation
2735,Train
2736,Payment
2737,Flight
2738,Hotel
2739,Payment
2740,Reservation
2741,Movie
2742,Flight
2743,Expiry
2744,Expiry
2745,Cab
2746,Hotel
2747,Train
2748,Cab
2749,Movie
2750,Delivery
2751,Reservation
2752,Hotel
2753,Expiry
2754,Payment
2755,Expiry
2756,Hotel
2757,Flight
2758,PickUp
2759,Movie
2760,Payment
2761,Flight
2762,Flight
2763,Delivery
2764,Cab
2765,Train
2766,PickUp
2767,Payment
2768,Bus
2769,Expiry
2770,Bus
2771,PickUp
2772,Delivery
2773,Movie
2774,Expiry
2775,Flight
2776,Hotel
2777,Delivery
2778,Cab
2779,Payment
2780,PickUp
2781,Appointment
2782,Payment
2783,Bus
2784,Appointment
2785,Flight
2786,Flight
2787,Train
2788,Hotel
2789,Hotel
2790,Expiry
2791,Movie
2792,Cab
2793,Delivery
2794,PickUp
2795,Expiry
2796,Payment
2797,Bus
2798,Reservation
2799,Movie
2800,Movie
2801,Cab
2802,PickUp
2803,PickUp
2804,Cab
2805,Flight
2806,Payment
2807,Bus
2808,PickUp
2809,Reservation
2810,PickUp
2811,Payment
2812,Movie
2813,Movie
2814,Flight
2815,Flight
2816,Bus
2817,Expiry
2818,PickUp
2819,Reservation
2820,Flight
2821,Reservation
2822,Payment
2823,PickUp
2824,Flight
2825,Payment
2826,Bus
2827,Movie
2828,Movie
2829,Appointment
2830,Expiry
2831,Expiry
2832,Cab
2833,Reservation
2834,Train
2835,Expiry
2836,Cab
2837,Expiry
2838,Expiry
2839,Cab
2840,Bus
2841,Expiry
2842,Delivery
2843,PickUp
2844,Appointment
2845,Payment
2846,Expiry
2847,Bus
2848,Payment
2849,Appointment
2850,Reservation
2851,Flight
2852,Reservation
2853,Cab
2854,Bus
2855,Payment
2856,Payment
2857,Hotel
2858,Flight
2859,Delivery
2860,Appointment
2861,PickUp
2862,Train
2863,Payment
2864,Movie
2865,PickUp
2866,Expiry
2867,Train
2868,Payment
2869,Movie
2870,Cab
2871,Delivery
2872,Delivery
2873,Hotel
2874,Reservation
2875,Appointment
2876,Reservation
2877,Cab
2878,Flight
2879,Cab
2880,PickUp
2881,Delivery
2882,Expiry
2883,Appointment
2884,Cab
2885,Appointment
2886,Payment
2887,Movie
2888,Bus
2889,Delivery
2890,Hotel
2891,PickUp
2892,Cab
2893,Appointment
2894,Movie
2895,Train
2896,Bus
2897,PickUp
2898,Hotel
2899,Reservation
2900,Expiry
2901,Movie
2902,Expiry
2903,Train
2904,Hotel
2905,Cab
2906,Hotel
2907,Movie
2908,Cab
2909,Flight
2910,Appointment
2911,Reservation
2912,Movie
2913,Movie
2914,Movie
2915,Appointment
2916,Bus
2917,PickUp
2918,Payment
2919,Expiry
2920,Flight
2921,Payment
2922,Payment
2923,Appointment
2924,Train
2925,Reservation
2926,Payment
2927,Movie
2928,PickUp
2929,Movie
2930,Bus
2931,Expiry
2932,Movie
2933,Cab
2934,PickUp
2935,Movie
2936,Movie
2937,Expiry
2938,Appointment
2939,Hotel
2940,Appointment
2941,Hotel
2942,Delivery
2943,Cab
2944,PickUp
2945,Movie
2946,Reservation
2947,Reservation
2948,Delivery
2949,Expiry
2950,Bus
2951,Cab
2952,Bus
2953,Movie
2954,Reservation
2955,Reservation
2956,Cab
2957,Movie
2958,Train
2959,Movie
2960,Delivery
2961,Movie
2962,Appointment
2963,Cab
2964,Flight
2965,Train
2966,Flight
2967,PickUp
2968,Cab
2969,Flight
2970,Flight
2971,Bus
2972,Flight
2973,Bus
2974,Hotel
2975,Delivery
2976,Hotel
2977,Cab
2978,Flight
2979,Reservation
2980,Train
2981,Movie
2982,Bus
2983,Bus
2984,Payment
2985,Train
2986,Movie
2987,Flight
2988,Hotel
2989,Appointment
2990,Cab
2991,Movie
2992,Payment
2993,Cab
2994,Cab
2995,Reservation
2996,Expiry
2997,PickUp
2998,Flight
2999,Train
3000,Payment
